{"cameraMode":{"drawMode":0,"name":"Shaded","section":"Shading Mode"},"sceneLighting":false,"audioPlay":false,"sceneViewState":{"showFog":true,"showMaterialUpdate":false,"showSkybox":false,"showFlares":true,"showImageEffects":true,"showParticleSystems":true},"in2DMode":false,"pivot":{"x":-15.579620361328125,"y":3.6261701583862306,"z":14.838138580322266},"rotation":{"x":0.06802348047494888,"y":-0.6044831871986389,"z":0.05205138772726059,"w":0.7921101450920105},"size":3.2727909088134767,"orthographic":false}